category,revenue
Electronics,720704.760269165
Home,308184.1201066971
Sports,203480.68053913116
Clothing,174025.90001440048
Beauty,63246.01020979881
Toys,56899.21010494232
Grocery,38863.46005141735
Books,30427.030009269714
