country,revenue
"United States",413843.11059236526
India,267649.91034150124
"United Kingdom",135028.2202372551
Germany,97471.24036490917
Brazil,93336.72989964485
Canada,91081.87035274506
France,81767.78010702133
Australia,74905.03963637352
Netherlands,66689.91992998123
Spain,65453.74975633621
Italy,49818.28004550934
Mexico,47955.44011926651
China,39170.13005781174
Japan,36312.71979475021
"South Africa",35347.030069351196
