user_id,total_revenue
793,4697.159896850586
1725,4672.1100997924805
626,3985.6800537109375
2103,3664.6499519348145
525,3610.4900875091553
1068,3415.0801162719727
2045,3322.4801292419434
1774,3218.219970703125
2026,3178.389904022217
2492,3172.9898986816406
